"target_name","target_mean","target_non_zero_count"
"HTO25",3.46385668457541,133460
"HTO21",6.12952796981191,204358
"HTO22",6.48701697592558,184911
"HTO23",7.12526936240335,217091
