"gene_id","gRNA_id","gRNA_type","p_value","z_value","log_fold_change"
"EGFL7","rs62581550","candidate",2.43621367523872e-09,-6.13288783741091,-0.146334305373829
"TMCO3","rs117066769","candidate",1.99673610978834e-13,-8.2250868052799,-0.396689102040787
"ANK1","rs4737009","candidate",2.22044604925031e-16,-8.07872645377592,-0.179047511155872
"CD52","rs4526602","candidate",2.22044604925031e-16,-11.6964365374981,-0.767557019284279
"TFRC","rs9325434","candidate",2.78749330395733e-06,-3.97773496894808,-0.103789980839185
"SLC7A5","rs7200918","candidate",2.22044604925031e-16,-6.44869251642163,-0.289343853952937
"GFI1B","rs524137","candidate",1.92013072108921e-13,-9.34526692463338,-0.373462943262382
"GFI1B","rs73660574","candidate",2.25591241886924e-06,-4.37964295438162,-0.194322816640898
"PTPRC","rs1926231","candidate",2.22044604925031e-16,-14.3511682667908,-1.10646788678964
"CD164","rs1546722","candidate",8.39832131616092e-09,-5.37674682810256,-0.229883665706347
"GLRX5","rs35362007","candidate",2.22044604925031e-16,-8.45271413549439,-0.415002116291597
"ANKRD12","rs527890099","candidate",1.8917952659403e-06,-4.36786601459251,-0.161446527797497
"PTPRC","rs1326279","candidate",1.58255630822168e-11,-6.41345068420744,-0.361573179243424
"PDLIM1","rs75522380","candidate",2.22044604925031e-16,-11.8661229600783,-0.64246449430547
"NUDT4","rs4761702","candidate",7.10990740449002e-07,-4.84093760883114,-0.357899641220295
"CR1L","1:207821519_AACAC_A","candidate",2.22044604925031e-16,-9.84500370693306,-0.37908376085023
"PTPRC","rs1326270","candidate",3.3362201889986e-13,-6.1136603635208,-0.275495777022075
"PIEZO1","rs10445033","candidate",7.95490451288572e-10,-7.22128266627678,-0.358622452008955
"PTPRC","1:198630156_CCA_C","candidate",9.73017422356559e-07,-4.72976787732434,-0.339601674805342
"TFRC","rs11712192","candidate",1.64125019974648e-06,-4.4242351738231,-0.201306613319659
"PTPRC","rs1998843","candidate",3.08467180132332e-08,-5.40018809699142,-0.39422181759302
"MAZ","rs34286592","candidate",2.48486102805145e-08,-5.04072113337176,-0.333225898819488
